folds,mean_r2,std_r2,min_r2,max_r2,global_r2,train_sample_rows,validation_rows
2,0.0024732322741229384,0.001719991750291954,0.001257014443906579,0.003689450104339298,0.002583457876373818,445734,1492656
