strategy,folds,mean_r2,std_r2,min_r2,max_r2,global_r2,validation_rows,selected_folds
group_select_clock_weight_delta_blend,5,0.0035819558675935113,0.0021915226443461615,0.0010199832349311322,0.006275232088989058,0.003741896468533179,1870176,2
selection_chosen_gate,5,0.003579478038603745,0.002193237181094531,0.0010205226245961763,0.006275232088989058,0.003739497115342605,1870176,0
base_ensemble,5,0.0035788551207753595,0.002184420452305854,0.0010134638682254282,0.006275232088989058,0.0037363727088934873,1870176,1
clock_weight_delta_blend,5,0.0035391783083974946,0.0021587572132303425,0.0010205226245961763,0.006275232088989058,0.0036879350793301846,1870176,2
batch_missing_clock_simplex,5,0.00353172204570158,0.0021344252576203076,0.0010193757027052719,0.006275232088989058,0.0036729582646756187,1870176,0
