{
  "experiment": "operational_time_feature_baseline",
  "engine": "lightgbm",
  "feature_set": "clock",
  "n_folds": 2,
  "train_window": 120,
  "valid_window": 20,
  "train_sample_frac": 0.05,
  "model_features": 81,
  "operational_features": [],
  "summary": [
    {
      "folds": 2,
      "mean_r2": 0.002456747349201982,
      "std_r2": 0.0014095106719336596,
      "min_r2": 0.0014600727949228842,
      "max_r2": 0.00345342190348108,
      "global_r2": 0.002547075784013697,
      "train_sample_rows": 445734,
      "validation_rows": 1492656
    }
  ]
}
