folds,mean_r2,std_r2,min_r2,max_r2,global_r2,train_sample_rows,validation_rows
2,0.002456747349201982,0.0014095106719336596,0.0014600727949228842,0.00345342190348108,0.002547075784013697,445734,1492656
