strategy,folds,mean_r2,std_r2,min_r2,max_r2,global_r2,validation_rows,selected_folds
batch_missing_clock_simplex,2,0.0027730198216622814,0.00017783613977029116,0.00264727068129067,0.002898768962033893,0.002781789763980247,747296,0
base_ensemble,2,0.0026756289976232472,0.000056325881655507695,0.002635800584748327,0.0027154574104981677,0.0026728513016286426,747296,0
selection_chosen_gate,2,0.002594409833654554,0.00004472076369951094,0.0025627874783827886,0.0026260321889263194,0.0025966152263185993,747296,0
group_select_clock_weight_abs_shrink,2,0.002594409833654554,0.00004472076369951094,0.0025627874783827886,0.0026260321889263194,0.0025966152263185993,747296,2
clock_weight_abs_shrink,2,0.002590869799633355,0.00004295640778496022,0.002560495032393195,0.002621244566873515,0.002592988183550915,747296,0
