strategy,folds,mean_r2,std_r2,min_r2,max_r2,global_r2,validation_rows
batch_missing_tail_frozen_q90_q99_q99_q100,5,0.004204123372235036,0.0013610895480589173,0.002583364470052474,0.00622678590984882,0.0042362692787261125,3716152
base_ensemble,5,0.0041576966386998706,0.0012882995248223478,0.002719768910060316,0.006186566041308406,0.004175513290036514,3716152
batch_missing_tail_selection_gated_q90_q99_q99_q100,5,0.004147192694116786,0.001340268594779211,0.002583364470052474,0.00622678590984882,0.004170550999339828,3716152
batch_missing_clock_simplex,5,0.004010298511627796,0.0011354886008131814,0.0025275245431990445,0.005196957997386731,0.004101841956917984,3716152
