strategy,folds,mean_r2,std_r2,min_r2,max_r2,global_r2,validation_rows,selected_folds
group_select_clock_weight_delta_blend,2,0.020600001151849567,0.014084073510991916,0.010641057265497356,0.03055894503820178,0.02396181098500716,712448,2
selection_chosen_gate,2,0.020600001151849567,0.014084073510991916,0.010641057265497356,0.03055894503820178,0.02396181098500716,712448,0
base_ensemble,2,0.020575184960049675,0.01416656733768702,0.010557909129435328,0.030592460790664022,0.023956685726909233,712448,0
clock_weight_delta_blend,2,0.02046902547701912,0.014073520632981533,0.010517543602269086,0.030420507351769155,0.02382831638203875,712448,0
batch_missing_clock_simplex,2,0.02028480925234316,0.013909577280474171,0.01044925283388154,0.030120365670804783,0.023604967560240997,712448,0
