fold,train_start,train_end,valid_start,valid_end,strategy,rows,numerator,denominator,weighted_zero_mean_r2,prediction_mean,prediction_std
pre_stage3_holdout,1219,1338,1339,1398,batch_missing_clock_simplex,2178000,4122700.5852323305,4151853.1429863097,0.007021577293316983,0.0026011885461271903,0.051492358547038965
pre_stage3_holdout,1219,1338,1339,1398,batch_missing_tail_advantage_q90_q100,2178000,4124652.3194507775,4151853.1429863097,0.006551489804373811,0.0015963005286705413,0.052718574646530264
pre_stage3_holdout,1219,1338,1339,1398,batch_missing_tail_q90_q100,2178000,4124652.3194507775,4151853.1429863097,0.006551489804373811,0.0015963005286705413,0.052718574646530264
pre_stage3_holdout,1219,1338,1339,1398,batch_missing_tail_q99_q100,2178000,4125153.931861173,4151853.1429863097,0.006430673293500222,0.0014084639241735033,0.05242124635783024
pre_stage3_holdout,1219,1338,1339,1398,base_ensemble,2178000,4125778.136493705,4151853.1429863097,0.006280329673185259,0.001324546714810647,0.05227895351606437
