feature,beta,rhs
tabm_prediction,0.771986843189109,213652.34375
xgboost_prediction,0.24143965263634692,124337.8421565467
lightgbm_prediction,0.3167298620203983,122791.96626789162
ridge_calibrated_prediction,0.12592999103985048,92462.2693632964
