folds,mean_r2,std_r2,min_r2,max_r2,global_r2,train_sample_rows,validation_rows
2,0.002248278926654357,0.0015196755787173016,0.001173706019739762,0.0033228518335689516,0.002345667275093666,445734,1492656
