strategy,folds,mean_r2,std_r2,min_r2,max_r2,global_r2,validation_rows
batch_missing_clock_simplex,5,0.0009828299916397442,0.010886895077650716,-0.017713052002608753,0.008876356381873673,-0.00003528510355477188,3730672
batch_missing_tail_selection_gated_q99_q100,5,0.0006248424526973606,0.011678850786674603,-0.019667651775285844,0.008549314599596958,-0.0003903037994821279,3730672
base_ensemble,5,0.000566160654060699,0.01166151432394213,-0.019667651775285844,0.008522743636556918,-0.00045946034897093035,3730672
batch_missing_tail_frozen_q99_q100,5,0.00043464326476057026,0.012077332178630247,-0.020593565984407647,0.008549314599596958,-0.0005957792570914222,3730672
