strategy,folds,mean_r2,std_r2,min_r2,max_r2,global_r2,validation_rows
base_ensemble,1,0.002687158810779189,,0.002687158810779189,0.002687158810779189,0.002687158810779189,187792
batch_missing_clock_simplex,1,0.002684601343554416,,0.002684601343554416,0.002684601343554416,0.002684601343554416,187792
batch_missing_tail_selection_gated_q90_q99_q99_q100,1,0.0026801490859696964,,0.0026801490859696964,0.0026801490859696964,0.0026801490859696964,187792
batch_missing_tail_frozen_q90_q99_q99_q100,1,0.0026801490859696964,,0.0026801490859696964,0.0026801490859696964,0.0026801490859696964,187792
