folds,mean_r2,std_r2,min_r2,max_r2,global_r2,train_sample_rows,validation_rows
2,0.004311256569900668,0.0019788125025235457,0.002912024830669546,0.005710488309131789,0.004438068689665231,890212,1492656
