{
  "experiment": "operational_time_feature_baseline",
  "engine": "xgboost",
  "feature_set": "clock",
  "n_folds": 2,
  "train_window": 120,
  "valid_window": 20,
  "train_sample_frac": 0.1,
  "model_features": 81,
  "operational_features": [],
  "summary": [
    {
      "folds": 2,
      "mean_r2": 0.004311256569900668,
      "std_r2": 0.0019788125025235457,
      "min_r2": 0.002912024830669546,
      "max_r2": 0.005710488309131789,
      "global_r2": 0.004438068689665231,
      "train_sample_rows": 890212,
      "validation_rows": 1492656
    }
  ]
}
