pred_abs_bucket,rows,weight_sum,numerator,denominator,weighted_zero_mean_r2
q99_q100,1103,2916.7644,3839.1720578607024,3922.2185,0.021173335415813788
q90_q99,9926,25483.53,18599.360916277834,18800.383,0.010692436331057653
q50_q90,44114,111033.15,68739.00896527116,69020.625,0.004080172190976783
q00_q50,55143,136068.98,81324.20499003708,81333.836,0.00011841255674116535
