strategy,folds,mean_r2,std_r2,min_r2,max_r2,global_r2,validation_rows,selected_folds
clock_weight_delta_blend,3,0.0005369227026668089,0.003954822425275636,-0.004026211050772721,0.00297333846258796,0.000726840213053026,2247696,2
batch_missing_clock_simplex,3,0.0005293198939818611,0.003941961006141285,-0.004017062587592379,0.0029945041616333823,0.0007190677467228124,2247696,0
group_select_clock_weight_delta_blend,3,0.00034033703149349837,0.0050928604973004025,-0.005530807321675324,0.0035665568179997775,0.0005778413396918536,2247696,1
base_ensemble,3,0.00006998956080184193,0.005189083471097111,-0.005903510111511467,0.0034624036900233746,0.0003100964362831027,2247696,0
selection_chosen_gate,3,0.000035390612365941244,0.004822955292901092,-0.005530807321675324,0.00297333846258796,0.0002665794888213613,2247696,0
