strategy,folds,mean_r2,std_r2,min_r2,max_r2,global_r2,validation_rows,selected_folds
selection_chosen_gate,5,0.002655048173903873,0.002322394686847746,-0.00083343889179055,0.005706995456338904,0.00277776612185876,1873080,0
batch_missing_clock_simplex,5,0.0026499396842261103,0.0021032224283032935,-0.0005585898452908911,0.005345574322126567,0.0027658865552872003,1873080,0
group_select_clock_weight_delta_blend,5,0.0026007526302377127,0.002428512665405473,-0.0011132249544170136,0.005706995456338904,0.00273032731197842,1873080,3
base_ensemble,5,0.002596584890125908,0.0023289879735575716,-0.0009234397303148345,0.005626476710304362,0.0027197386405583,1873080,0
clock_weight_delta_blend,5,0.002580343324882306,0.0022379683961722026,-0.00083343889179055,0.005451837754184563,0.002701047207293694,1873080,2
