strategy,folds,mean_r2,std_r2,min_r2,max_r2,global_r2,validation_rows,selected_folds
selection_chosen_gate,3,0.0034845300984474767,0.001280927317686256,0.0026538741924581055,0.0049597084501205035,0.00360443814804956,2236080,0
group_select_clock_weight_delta_blend,3,0.0034688409214460223,0.0012930001253731876,0.0026538741924581055,0.0049597084501205035,0.0035892799111788554,2236080,2
clock_weight_delta_blend,3,0.00342545624803862,0.0011183798904149387,0.002721329987165566,0.004715031104186473,0.003529609446355053,2236080,1
base_ensemble,3,0.003193534343256458,0.0011878195232244298,0.0022985254995258053,0.004541113538119035,0.003307204649506512,2236080,0
batch_missing_clock_simplex,3,0.0031655107045558406,0.0006693810077553411,0.0027150694591024926,0.003934696350826661,0.0032285587542155714,2236080,0
