base_abs_bucket,rows,weight_sum,base_num,best_num,den,base_r2,best_r2,delta_r2,sse_improvement
q99_q100,1103,3006.3833,6667.419043557332,6659.438162958939,7588.3447,0.12136054913023764,0.12241227791773679,0.0010517287874991326,7.980880598393014
q50_q90,44114,110476.69,67844.14126836747,67828.09991778375,68207.7,0.005330216969280599,0.005565400824604438,0.00023518385532382617,16.041350583720487
q00_q50,55143,136345.11,70790.17868873027,70784.76590736957,70843.29,0.0007496881422722756,0.0008260931402944705,0.000076404998022175,5.412781360704685
q90_q99,9926,25674.248,25864.378603230623,25876.422913629325,26437.725,0.021686662321199313,0.021231089439014528,-0.0004555728821848302,-12.044310398701782
