best_abs_bucket,rows,weight_sum,base_num,best_num,den,base_r2,best_r2,delta_r2,sse_improvement
q50_q90,44114,110332.08,67472.18873747565,67454.52238697665,67820.61,0.005137385829104391,0.005397872289810146,0.00026048646070572464,17.666350498999236
q90_q99,9926,25480.389,24438.7677524292,24436.784285951915,25045.814,0.024237451005313826,0.024316644536073184,0.00007919353075933408,1.9834664772861288
q00_q50,55143,136692.77,72721.0420582161,72722.61470670912,72787.57,0.0009140057017739123,0.0008923996983550841,-0.000021606003418828527,-1.5726484930200968
q99_q100,1103,2997.2048,6534.119055764754,6534.805522103905,7423.062,0.11975421390130192,0.11966173638487176,-0.00009247751643014202,-0.6864663391506838
