fold,rows,weight_sum,base_num,best_num,den,base_r2,best_r2,delta_r2,sse_improvement
rw_02,21829,61418.89,31727.589389874407,31698.26082688343,32352.73,0.019322668282339417,0.020229193406062995,0.000906525123723509,29.328562990976934
rw_03,22303,49300.97,28923.91716339224,28918.50716840801,29128.46,0.00702212775836808,0.007207856588869577,0.00018572883050152266,5.409994984231162
rw_05,22361,46397.887,25336.124716170278,25334.306237935405,25469.482,0.005235980201552359,0.005307378520715278,0.00007139831916296665,1.8184782348726003
rw_01,21587,58441.4,41185.00116707184,41185.00116707184,41645.49,0.01105731096411433,0.01105731096411433,0.0,0.0
rw_04,22206,59943.28,43993.48516737694,44012.6515014429,44480.9,0.010957810818680414,0.010526921723827853,-0.00043088909485260895,-19.166334065965202
