weight_bucket,rows,weight_sum,base_num,best_num,den,base_r2,best_r2,delta_r2,sse_improvement
q99_q100,1101,7685.475,3552.8795476477803,3548.966563141173,3618.0464,0.01801160961069659,0.0190931282227772,0.0010815186120805868,3.912984506607245
q90_q99,9911,48109.652,24816.46398626461,24803.551756949448,25186.031,0.0146735013574395,0.015186175592891482,0.0005126742354519683,12.912229315163131
q00_q50,55146,86738.016,64102.733632212774,64099.36834547013,64500.137,0.006161275103494512,0.006213449981159025,0.00005217487766447415,3.3652867426426383
q50_q90,44128,132969.28,78694.04043776054,78696.84023618084,79772.84,0.013523440578604884,0.013488343441676043,-0.00003509713692882738,-2.7997984202957014
