fold,train_start,train_end,selection_start,selection_end,valid_start,valid_end,clock,strategy,kind,group_columns,selected_strategy,selected_by_selection,selection_base_r2,selection_strategy_r2,selection_strategy_delta_r2,selection_selected_delta_r2,selection_min_delta,fallback_blend_weight,fallback_alpha,parameter_rows,group_gate_parameter_rows,group_gate_active_groups,group_gate_selection_rows,group_gate_selection_active_rows,group_gate_mean_delta_r2
otf_01,1649,1688,1689,1693,1694,1698,batch_missing,global_blend,blend,"",global_blend,true,0.0015692729875748102,0.001655148294369524,0.00008587530679471378,0.00008587530679471378,0.0,1.0,,1,,,,,
otf_01,1649,1688,1689,1693,1694,1698,batch_missing,clock_blend,blend,clock_bucket,global_blend,false,0.0015692729875748102,0.001655148294369524,0.00008587530679471378,0.00008587530679471378,0.0,1.0,,2,,,,,
otf_01,1649,1688,1689,1693,1694,1698,batch_missing,clock_weight_blend,blend,"clock_bucket,weight_bucket",global_blend,false,0.0015692729875748102,0.0016299710583824734,0.00006069807080766321,0.00008587530679471378,0.0,1.0,,8,,,,,
otf_01,1649,1688,1689,1693,1694,1698,batch_missing,clock_weight_shrink,shrink,"clock_bucket,weight_bucket",global_blend,false,0.0015692729875748102,0.001598317950715633,0.000029044963140822944,0.00008587530679471378,0.0,,1.0,8,,,,,
otf_01,1649,1688,1689,1693,1694,1698,batch_missing,group_select_clock_blend,group_selection,clock_bucket,global_blend,false,0.0015692729875748102,0.001655148294369524,0.00008587530679471378,0.00008587530679471378,0.0,,,2,2,1,188760,4680,0.0005587611680680138
otf_01,1649,1688,1689,1693,1694,1698,batch_missing,group_select_clock_weight_blend,group_selection,"clock_bucket,weight_bucket",global_blend,false,0.0015692729875748102,0.0016277170547590591,0.00005844406718424899,0.00008587530679471378,0.0,,,8,8,2,188760,2880,0.0015258983035828183
otf_01,1649,1688,1689,1693,1694,1698,batch_missing,group_select_clock_weight_shrink,group_selection,"clock_bucket,weight_bucket",global_blend,false,0.0015692729875748102,0.0016160021499362909,0.000046729162361480725,0.00008587530679471378,0.0,,,8,8,2,188760,70320,0.00012913460070650604
