{
  "bounds": {
    "n_samples": 50000,
    "n_features": 79,
    "aspect_ratio": 0.00158,
    "lambda_minus": 0.9220815723425929,
    "lambda_plus": 1.0810784276574072
  },
  "eigenvalue_min": 0.0,
  "eigenvalue_max": 8.396210934626485,
  "upper_outlier_count": 18,
  "lower_outlier_count": 59,
  "upper_outlier_values": [
    1.1292735820775688,
    1.1886558926527224,
    1.3394114472434488,
    1.3747720897086824,
    1.5134572457943618,
    1.5523781064178954,
    1.7386506404901185,
    1.8905315155237508,
    1.9314461070827504,
    2.118443804111158,
    2.5324456124808323,
    2.7102437115125073,
    3.6228554833495172,
    3.8258366693003474,
    4.732715310313523,
    5.873924075779659,
    6.861637876325501,
    8.396210934626485
  ],
  "interpretation": "Eigenvalues above lambda_plus indicate correlation structure beyond iid standardized noise. In real financial features this can be ordinary latent factor structure, not proof of synthetic generation."
}
