strategy,folds,mean_r2,std_r2,min_r2,max_r2,global_r2,validation_rows,selected_folds
group_select_clock_weight_delta_blend,3,0.0033845267863747606,0.0013979947393359148,0.0023057545382411115,0.004963901909760038,0.0035186543240096624,2236080,1
base_ensemble,3,0.0033146251813909546,0.0015009698882645927,0.002103604501126344,0.0049939056503011114,0.003459179924606315,2236080,0
selection_chosen_gate,3,0.0033326460378399294,0.0012788794368011503,0.0023057545382411115,0.004765141840635145,0.003455770275658576,2236080,0
clock_weight_delta_blend,3,0.003269190892899787,0.0013576070591174313,0.002115389103420684,0.004765141840635145,0.0034002404661922503,2236080,2
batch_missing_clock_simplex,3,0.003070730466454674,0.001304946017198586,0.0020202717980715157,0.004531527300785321,0.003196386739057089,2236080,0
