strategy,folds,mean_r2,std_r2,min_r2,max_r2,global_r2,validation_rows,selected_folds
group_select_clock_weight_delta_blend,3,0.0030435082154916713,0.0006415403753545178,0.0024554458114059985,0.0037276817119422656,0.003062246839867555,2247696,1
selection_chosen_gate,3,0.0030160079215612403,0.0007510051894717706,0.0024554458114059985,0.0038692954208497943,0.0030310571051017643,2247696,0
base_ensemble,3,0.002981413607024641,0.0007057852005302653,0.0023996543292913453,0.003766560234841565,0.0029984363743866815,2247696,0
clock_weight_delta_blend,3,0.0022203208484117645,0.0019497329622255517,0.00006838459195757096,0.0038692954208497943,0.002300847581859,2247696,2
batch_missing_clock_simplex,3,0.0022080110524784016,0.001992211753100793,0.000023628439809963986,0.003924911987597701,0.0022891495681424123,2247696,0
